# Name,   Type, SubType, Offset,   Size,     Flags
# 960 KiB OTA slots; preserve non-app partition sizes for 4 MB flash.
# zb_storage MUST stay subtype nvs: ESP-Zigbee SDK 2.x requires it (1.x used fat).
# The Arduino core's bundled Zigbee CSVs still use fat; do not change this to match.
nvs,      data, nvs,     0x9000,   0x5000,
otadata,  data, ota,     0xe000,   0x2000,
app0,     app,  ota_0,   0x10000,  0xF0000,
app1,     app,  ota_1,   0x100000, 0xF0000,
spiffs,   data, spiffs,  0x1F0000, 0x1F0000,
zb_storage, data, nvs,    0x3E0000, 0x8000,
zb_fct,   data, fat,     0x3E8000, 0x1000,
# 0x3E9000-0x3EFFFF remains unallocated for future use.
coredump, data, coredump,0x3F0000, 0x10000,
